,id,title,link,description,box_price_present,box_price_old,box_price_percent,rating,cmt_count
0,303579,Điện thoại Samsung Galaxy A14 4GB,https://www.thegioididong.com/dtdd/samsung-galaxy-a14-4gb,"Samsung Galaxy A14 4GB là chiếc điện thoại mới thuộc dòng A, được ra mắt tại thị trường Việt Nam vào tháng 03/2023 và được định hình là mẫu điện thoại thuộc phân khúc giá rẻ. Với mức giá phù hợp, máy là sự lựa chọn tuyệt vời cho học sinh và sinh viên khi được trang bị vi xử lý Exynos 850 và màn hình Full HD+ chất lượng cao.",3.890.000₫ ,4.490.000₫,-13%,4.2,219.0
1,292770,Điện thoại Samsung Galaxy A14 6GB,https://www.thegioididong.com/dtdd/samsung-galaxy-a14,"Samsung tiếp tục chứng tỏ sự nỗ lực của mình trong việc cải thiện dòng sản phẩm phân khúc cấp thấp trong năm 2023 bằng việc ra mắt mẫu smartphone Samsung Galaxy A14 4G. Với thiết kế độc đáo và hiện đại, sản phẩm này đáp ứng đầy đủ tiêu chí ""ngon - bổ - rẻ"" với cấu hình ổn định và giá cả cực kỳ hợp lý.",4.790.000₫ ,4.990.000₫,-4%,4.2,285.0
2,299034,Điện thoại OPPO Find N2 Flip 5G,https://www.thegioididong.com/dtdd/oppo-find-n2-flip,"OPPO Find N2 Flip 5G - chiếc điện thoại gập đầu tiên của OPPO đã được giới thiệu chính thức tại Việt Nam vào tháng 03/2023. Sở hữu cấu hình mạnh mẽ cùng thiết kế siêu nhỏ gọn giúp tối ưu kích thước, chiếc điện thoại sẽ cùng bạn nổi bật trong mọi không gian với vẻ ngoài đầy cá tính.",19.990.000₫ ,,,4.5,37.0
3,251192,Điện thoại iPhone 14 Pro Max 128GB,https://www.thegioididong.com/dtdd/iphone-14-pro-max,"iPhone 14 Pro Max một siêu phẩm trong giới smartphone được nhà Táo tung ra thị trường vào tháng 09/2022. Máy trang bị con chip Apple A16 Bionic vô cùng mạnh mẽ, đi kèm theo đó là thiết kế hình màn hình mới, hứa hẹn mang lại những trải nghiệm đầy mới mẻ cho người dùng iPhone.","
                        <span>từ</span>
                    26.590.000₫ 
                ",29.990.000₫,-11%,4.5,331.0
4,289700,Điện thoại iPhone 14 Pro Max 256GB,https://www.thegioididong.com/dtdd/iphone-14-pro-max-256gb,"Mới đây thì chiếc điện thoại iPhone 14 Pro Max 256GB cũng đã được chính thức lộ diện trên toàn cầu và đập tan bao lời đồn đoán bấy lâu nay, bên trong máy sẽ được trang bị con chip hiệu năng khủng cùng sự nâng cấp về camera đến từ nhà Apple.","
                        <span>từ</span>
                    29.590.000₫ 
                ",32.990.000₫,-10%,4.5,192.0
5,289702,Điện thoại iPhone 14 Pro Max 512GB,https://www.thegioididong.com/dtdd/iphone-14-pro-max-512gb,"Sau bao nhiêu ngày chờ đợi thì Apple đã chính thức tung ra mẫu điện thoại iPhone 14 Pro Max 512GB khi sở hữu một con chip với hiệu năng mạnh mẽ, màn hình đẹp mắt và cụm camera vô cùng chất lượng.",35.990.000₫ ,37.990.000₫,-5%,4.5,56.0
6,289705,Điện thoại iPhone 14 Pro Max 1TB,https://www.thegioididong.com/dtdd/iphone-14-pro-max-1tb,"iPhone 14 Pro Max 1TB là phiên bản điện thoại cao cấp nhất mà Apple đã cho ra mắt tại sự kiện giới thiệu sản phẩm mới cho năm 2022. Được thừa hưởng mọi công nghệ hàng đầu thế giới nên máy hứa hẹn sẽ mang lại trải nghiệm sử dụng tốt nhất từ chơi game cho tới chụp ảnh, xứng đáng là chiếc điện thoại đáng mua nhất trên thị trường hiện tại.",41.990.000₫ ,43.990.000₫,-4%,4.2,37.0
7,247508,Điện thoại iPhone 14 Pro 128GB,https://www.thegioididong.com/dtdd/iphone-14-pro,"iPhone 14 Pro 128GB - Mẫu smartphone đến từ nhà Apple được mong đợi nhất năm 2022, lần này nhà Táo mang đến cho chúng ta một phiên bản với kiểu thiết kế hình notch mới, cấu hình mạnh mẽ nhờ con chip Apple A16 Bionic và cụm camera có độ phân giải được nâng cấp lên đến 48 MP.","
                        <span>từ</span>
                    24.590.000₫ 
                ",27.990.000₫,-12%,4.6,161.0
8,289691,Điện thoại iPhone 14 Pro 256GB,https://www.thegioididong.com/dtdd/iphone-14-pro-256gb,"Apple trong sự kiện ngày 8/9 đã giới thiệu đến người dùng mẫu iPhone 14 Pro 256GB mang những cải tiến về mặt thiết kế cũng như cấu hình phần cứng, hứa hẹn một sản phẩm mạnh mẽ đáp ứng mọi nhu cầu của bạn.","
                        <span>từ</span>
                    27.190.000₫ 
                ",29.990.000₫,-9%,4.5,87.0
9,289694,Điện thoại iPhone 14 Pro 512GB,https://www.thegioididong.com/dtdd/iphone-14-pro-512gb,"Apple luôn mang đến những cải tiến trên các mẫu iPhone qua từng năm, iPhone 14 Pro 512GB năm nay được nâng cấp mạnh về hiệu năng cũng như thiết kế, một sản phẩm hứa hẹn sẽ cho người dùng những trải nghiệm trọn vẹn nhất đối với thế hệ iPhone 14 năm nay.",33.490.000₫ ,35.990.000₫,-6%,4.8,14.0
10,274018,Điện thoại Samsung Galaxy A24 6GB,https://www.thegioididong.com/dtdd/samsung-galaxy-a24,"Samsung Galaxy A24 6GB tiếp tục là mẫu điện thoại tầm trung được nhà Samsung giới thiệu đến thị trường Việt Nam vào tháng 04/2023, máy nổi bật với giá thành rẻ, màn hình Super AMOLED cùng camera 50 MP chụp ảnh sắc nét.",6.490.000₫ ,,,4.2,23.0
11,305886,Điện thoại Samsung Galaxy A24 8GB,https://www.thegioididong.com/dtdd/samsung-galaxy-a24-8gb,"Mẫu điện thoại tầm trung được hãng điện thoại Samsung vừa tung ra thị trường (04/2023) với tên gọi Samsung Galaxy A24 8GB. Máy sở hữu tấm nền Super AMOLED 6.5 inch, hiệu năng mượt mà với hầu hết mọi tác vụ và hệ thống camera chụp ảnh sắc nét.",6.990.000₫ ,,,4.1,32.0
12,311120,Điện thoại vivo Y36 128GB,https://www.thegioididong.com/dtdd/vivo-y36-128gb,"vivo Y36 128GB là một trong những sản phẩm điện thoại thông minh nổi bật và đáng chú ý của thương hiệu vivo. Với những tính năng và thông số kỹ thuật vượt trội, vivo Y36 hứa hẹn mang đến cho người dùng trải nghiệm di động đỉnh cao.",6.290.000₫ ,,,,
13,307203,Điện thoại vivo Y36 256GB,https://www.thegioididong.com/dtdd/vivo-y36,"vivo Y36 chiếc điện thoại Vivo Y mới nhất được nhà Vivo tung ra thị trường Việt Nam vào tháng 06/2023. Máy sở hữu vẻ ngoài hiện đại trẻ trung, màn hình hiển thị sắc nét cùng một hiệu năng ổn định với các tác vụ hằng ngày.",6.990.000₫ ,,,4.4,141.0
14,303575,Điện thoại Xiaomi Redmi 12C 64GB,https://www.thegioididong.com/dtdd/xiaomi-redmi-12c-64gb,"Xiaomi Redmi 12C 64GB một thiết bị di động tầm trung được giới thiệu bởi Xiaomi, với cấu hình vượt trội so với các đối thủ trong cùng phân khúc, điều này nhờ trang bị con chip MediaTek Helio G85 mạnh mẽ giúp máy có thể xử lý tốt nhiều tác vụ. Hơn nữa, với bộ ống kính chất lượng 50 MP cho phép bạn chụp ảnh chất lượng, sắc nét và đẹp mắt.","
                        <span>từ</span>
                    2.590.000₫ *
                ",3.590.000₫,-27%,4.2,170.0
15,303163,Điện thoại Xiaomi Redmi 12C 128GB,https://www.thegioididong.com/dtdd/xiaomi-redmi-12c,"Để đáp ứng tốt các nhu cầu sử dụng hằng ngày của người dùng như lướt web, xem phim, chơi các tựa game cơ bản,... với mức giá phải chăng, thì mới đây nhà Xiaomi cũng đã trình làng chiếc Xiaomi Redmi 12C nổi bật với cấu hình tốt trong tầm giá khi trang bị camera 50 MP cùng CPU mang hiệu năng ổn định Helio G85.",3.990.000₫ ,,,4.3,227.0
16,267211,Điện thoại Samsung Galaxy S21 FE 5G (6GB/128GB),https://www.thegioididong.com/dtdd/samsung-galaxy-s21-fe-6gb,"Samsung Galaxy S21 FE 5G (6GB/128GB) được Samsung ra mắt với dáng dấp thời thượng, cấu hình khỏe, chụp ảnh đẹp với bộ 3 camera chất lượng, thời lượng pin đủ dùng hằng ngày và còn gì nữa? Mời bạn khám phá qua nội dung sau ngay.",12.990.000₫ ,,,3.6,82.0
17,233090,Điện thoại Samsung Galaxy S21 FE 5G (8GB/128GB),https://www.thegioididong.com/dtdd/samsung-galaxy-s21-fe,"Điện thoại Samsung Galaxy S21 FE 5G xuất hiện với 1 ngoại hình tinh tế, cụm camera thông minh hoạt động đầy ấn tượng và cấu hình mạnh mẽ từ chip Exynos 2100 nhà Samsung, chắc chắn sẽ thu phục cảm tình của bạn trên từng trải nghiệm.",,,,3.8,190.0
18,267212,Điện thoại Samsung Galaxy S21 FE 5G (8GB/256GB),https://www.thegioididong.com/dtdd/samsung-galaxy-s21-fe-256gb,"Samsung Galaxy S21 FE 5G (8GB/256GB) - siêu phẩm hội tụ những đột phá mà mọi fan hằng mơ ước, hứa hẹn mang đến trải nghiệm đỉnh cao trong mọi khoảnh khắc với vẻ ngoài đầy năng động, hiệu năng mạnh mẽ với CPU cây nhà lá vườn Exynos 2100 cùng cụm camera 12 MP mang chất lượng chuẩn studio.",12.990.000₫ ,18.990.000₫,-31%,3.9,149.0
19,153856,Điện thoại iPhone 11 64GB,https://www.thegioididong.com/dtdd/iphone-11,"Apple đã chính thức trình làng bộ 3 siêu phẩm iPhone 11, trong đó phiên bản iPhone 11 64GB có mức giá rẻ nhất nhưng vẫn được nâng cấp mạnh mẽ như iPhone Xr ra mắt trước đó.","
                        <span>từ</span>
                    10.490.000₫ 
                ",11.990.000₫,-12%,4.1,777.0
20,210644,Điện thoại iPhone 11 128GB,https://www.thegioididong.com/dtdd/iphone-11-128gb,"Được xem là một trong những phiên bản iPhone ""giá rẻ"" của bộ 3 iPhone 11 series nhưng iPhone 11 128GB vẫn sở hữu cho mình rất nhiều ưu điểm mà hiếm có một chiếc smartphone nào khác sở hữu.","
                        <span>từ</span>
                    12.290.000₫ 
                ",13.990.000₫,-12%,4.1,498.0
21,,,https://www.thegioididong.com/dtdd/xiaomi-redmi-note-12-8gb-256gb,,,,,,
22,297026,Điện thoại vivo V27e,https://www.thegioididong.com/dtdd/vivo-v27e,"vivo V27e một trong những chiếc điện thoại tầm trung nổi bật của vivo trong năm 2023. Với thiết kế độc đáo và khả năng chụp ảnh - quay phim ấn tượng, vì thế máy đã mang lại cho vivo nhiều niềm tự hào khi ra mắt tại thị trường Việt Nam, hứa hẹn mang đến trải nghiệm tuyệt vời đến với người dùng.",8.990.000₫ ,,,4.4,34.0
23,301642,Điện thoại OPPO Reno8 T 5G 256GB,https://www.thegioididong.com/dtdd/oppo-reno8-t-5g-256gb,"Tiếp nối sự thành công rực rỡ đến từ các thế hệ trước đó thì chiếc OPPO Reno8 T 5G 256GB cuối cùng đã được giới thiệu chính thức tại Việt Nam, được định hình là dòng sản phẩm thuộc phân khúc tầm trung với camera 108 MP, con chip Snapdragon 695 cùng kiểu dáng thiết kế mặt lưng và màn hình bo cong hết sức nổi bật.",10.990.000₫ ,,,3.9,79.0
24,301641,Điện thoại OPPO Reno8 T 5G 128GB,https://www.thegioididong.com/dtdd/oppo-reno8-t-5g,"OPPO Reno8 T 5G 128GB là mẫu điện thoại đầu tiên trong năm 2023 mà OPPO kinh doanh tại Việt Nam. Máy nhận được khá nhiều sự quan tâm đến từ cộng đồng công nghệ về thông số kỹ thuật hết sức ấn tượng như: Camera 108 MP, chipset nhà Qualcomm và màn hình AMOLED.",9.290.000₫ ,9.990.000₫,-7%,4.0,93.0
25,301603,Điện thoại realme C55 6GB,https://www.thegioididong.com/dtdd/realme-c55,"realme C55 là mẫu máy giá rẻ được mở bán chính thức tại thị trường Việt Nam vào tháng 03/2023. Điện thoại dành được khá nhiều sự quan tâm của đông đảo người dùng khi mở bán với mức giá hấp dẫn, trang bị cấu hình tốt, camera AI 64 MP, màn hình lớn cùng khả năng sạc pin siêu nhanh.","
                        <span>từ</span>
                    4.290.000₫ *
                ",4.990.000₫,-14%,4.4,148.0
26,304090,Điện thoại realme C55 8GB,https://www.thegioididong.com/dtdd/realme-c55-8gb,"realme C55 8GB mẫu điện thoại mới đến từ nhà realme, sở hữu bộ thông số khá ấn tượng. Máy mang trong mình một thiết kế đẹp mắt, hiệu năng ổn định cùng khả năng chụp ảnh chi tiết hứa hẹn sẽ không làm bạn thất vọng.","
                        <span>từ</span>
                    5.190.000₫ *
                ",5.990.000₫,-13%,4.3,122.0
27,249948,Điện thoại Samsung Galaxy S23 Ultra 5G 256GB,https://www.thegioididong.com/dtdd/samsung-galaxy-s23-ultra,"Samsung Galaxy S23 Ultra 5G 256GB là chiếc smartphone cao cấp nhất của nhà Samsung, sở hữu cấu hình không tưởng với con chip khủng được Qualcomm tối ưu riêng cho dòng Galaxy và camera lên đến 200 MP, xứng danh là chiếc flagship Android được mong đợi nhất trong năm 2023.",26.990.000₫ ,31.990.000₫,-15%,4.5,57.0
28,301796,Điện thoại Samsung Galaxy S23 Ultra 5G 512GB,https://www.thegioididong.com/dtdd/samsung-galaxy-s23-ultra-5g-512gb,"Samsung Galaxy S23 Ultra 5G 512GB là một sản phẩm công nghệ không còn xa lạ với những người yêu công nghệ. Máy vừa được giới thiệu với nhiều tính năng và công nghệ nổi bật, đánh dấu một bước tiến đột phá của Samsung trong năm 2023, nhằm tạo nên một thương hiệu hàng đầu trong ngành.",29.990.000₫ ,36.990.000₫,-18%,4.7,70.0
29,301797,Điện thoại Samsung Galaxy S23 5G Ultra 1TB,https://www.thegioididong.com/dtdd/samsung-galaxy-s23-ultra-5g-1tb,"Sau gần một năm chờ đợi thì siêu phẩm Samsung Galaxy S23 Ultra 5G 1TB cuối cùng cũng đã chính thức lộ diện với hàng loạt công nghệ dẫn đầu ngành điện thoại, nổi bật trong số đó chính là con chip Snapdragon 8 Gen 2 for Galaxy, camera 200 MP và đi kèm với bút S Pen tích hợp để bạn có thể thoải mái vẽ vời hay ghi chú một cách nhanh chóng.",35.990.000₫ ,44.990.000₫,-20%,4.7,10.0
30,303583,Điện thoại Samsung Galaxy A34 5G 128GB,https://www.thegioididong.com/dtdd/samsung-galaxy-a34-5g-128gb,"Được giới thiệu vào tháng 03/2023, Samsung Galaxy A34 5G 128GB là một lựa chọn đáng chú ý trong thị trường điện thoại Android tầm trung. Với kết nối 5G tiên tiến và hiệu suất đáng tin cậy, sản phẩm hứa hẹn mang lại trải nghiệm mượt mà và thú vị cho người dùng.",7.490.000₫ ,8.490.000₫,-11%,4.4,237.0
31,298377,Điện thoại Samsung Galaxy A34 5G 256GB,https://www.thegioididong.com/dtdd/samsung-galaxy-a34,"Samsung Galaxy A34 5G là mẫu điện thoại mới thuộc phân khúc tầm trung được nhà Samsung cho ra mắt vào tháng 03/2023. Với sự kết hợp hoàn hảo giữa vẻ ngoài cuốn hút với cấu hình mạnh mẽ, chiếc máy là sự lựa chọn hoàn hảo đáp ứng tốt nhu cầu sử dụng của đa dạng đối tượng người dùng hiện nay.",9.490.000₫ ,,,4.0,80.0
32,240259,Điện thoại iPhone 14 128GB,https://www.thegioididong.com/dtdd/iphone-14,"iPhone 14 128GB được xem là mẫu smartphone bùng nổ của nhà táo trong năm 2022, ấn tượng với ngoại hình trẻ trung, màn hình chất lượng đi kèm với những cải tiến về hệ điều hành và thuật toán xử lý hình ảnh, giúp máy trở thành cái tên thu hút được đông đảo người dùng quan tâm tại thời điểm ra mắt.","
                        <span>từ</span>
                    19.090.000₫ 
                ",21.990.000₫,-13%,4.5,102.0
33,289663,Điện thoại iPhone 14 256GB,https://www.thegioididong.com/dtdd/iphone-14-256gb,"Mới đây thì tại sự kiện ra mắt sản phẩm mới thường niên đến từ nhà Apple thì chiếc điện thoại iPhone 14 256GB cũng đã chính thức lộ diện, thiết bị được nâng cấp toàn diện từ camera cho đến hiệu năng và hầu hết là những thông số hàng đầu trong giới smartphone. ",22.290.000₫ ,24.990.000₫,-10%,4.5,31.0
34,291697,Điện thoại vivo Y16 64GB,https://www.thegioididong.com/dtdd/vivo-y16-64gb,"vivo Y16 64GB tiếp tục sẽ là cái tên được hãng bổ sung cho bộ sưu tập điện thoại vivo dòng Y trong thời điểm cuối năm 2022, với mục tiêu mang đến nhiều trải nghiệm tốt hơn đối với dòng sản phẩm giá rẻ, vivo hứa hẹn sẽ mang lại cho người dùng những trải nghiệm vượt xa mong đợi nhờ việc trang bị nhiều công nghệ xịn sò.",3.590.000₫ ,3.990.000₫,-10%,4.2,52.0
35,285223,Điện thoại vivo Y16 128GB,https://www.thegioididong.com/dtdd/vivo-y16,vivo Y16 tiếp tục là một cái tên vừa được bổ sung cho dòng điện thoại vivo Y trong năm 2022. Máy sở hữu một màn hình đẹp cùng viên pin lớn giúp bạn có thể giải trí hay học tập trong khoảng thời gian lâu dài chỉ với một lần sạc.,"
                        <span>từ</span>
                    4.090.000₫ *
                ",4.490.000₫,-8%,4.0,105.0
36,290877,Điện thoại realme C30s (2GB/32GB),https://www.thegioididong.com/dtdd/realme-c30s-2gb,"Ra mắt với mức giá bán phải chăng cùng bộ thông số khá ấn tượng như viên pin 5000 mAh, màn hình lớn, hỗ trợ vân tay cạnh viền,... realme C30s (2GB/32GB) sẽ là lựa chọn đáng cân nhắc cho người dùng muốn tìm mua một chiếc điện thoại thuộc phân khúc giá rẻ.",,,,4.0,75.0
37,305887,Điện thoại realme C30s (3GB/64GB),https://www.thegioididong.com/dtdd/realme-c30s-3gb-64gb,"Điện thoại realme C30s (3GB/64GB) thuộc phân khúc giá rẻ nhưng vẫn đáp ứng tốt các tác vụ thường ngày một cách trơn tru, mượt mà. Bên cạnh đó, dung lượng pin 5000 mAh vô cùng trâu cho bạn thỏa sức sử dụng cả một ngày dài đầy năng động.",,,,4.2,29.0
38,290829,Điện thoại Samsung Galaxy S23+ 5G 256GB,https://www.thegioididong.com/dtdd/samsung-galaxy-s23-plus,"Samsung Galaxy S23+ 5G 256GB là chiếc điện thoại thuộc dòng cao cấp nhất của Samsung được giới thiệu vào tháng 02/2023. Máy sở hữu một vài điểm ấn tượng như camera có khả năng quay video 8K, cùng với đó là con chip Snapdragon 8 Gen 2 mạnh mẽ hàng đầu giới điện thoại Android.",23.990.000₫ ,26.990.000₫,-11%,4.4,42.0
39,301798,Điện thoại Samsung Galaxy S23+ 5G 512GB,https://www.thegioididong.com/dtdd/samsung-galaxy-s23-plus-5g-512gb,"Là sản phẩm có kích thước nằm giữa trong bộ ba sản phẩm mới nhà Samsung, Galaxy S23+ 5G 512GB được xem là thiết bị rất đáng quan tâm khi được trang bị một màn hình kích thước lớn, thiết kế bóng bẩy và cấu hình mạnh mẽ. Sản phẩm được đi kèm nhiều tính năng “xịn sò” hứa hẹn đem lại cho người dùng trải nghiệm vô cùng trọn vẹn.",26.990.000₫ ,29.990.000₫,-10%,4.2,11.0
40,245545,Điện thoại iPhone 14 Plus 128GB,https://www.thegioididong.com/dtdd/iphone-14-plus,"Sau nhiều thế hệ điện thoại của Apple thì cái tên “Plus” cũng đã chính thức trở lại vào năm 2022 và xuất hiện trên chiếc iPhone 14 Plus 128GB, nổi trội với ngoại hình bắt trend cùng màn hình kích thước lớn để đem đến không gian hiển thị tốt hơn cùng cấu hình mạnh mẽ không đổi so với bản tiêu chuẩn.","
                        <span>từ</span>
                    21.590.000₫ 
                ",24.990.000₫,-13%,4.5,92.0
41,289710,Điện thoại iPhone 14 Plus 256GB,https://www.thegioididong.com/dtdd/iphone-14-plus-256gb,"iPhone 14 Plus 256GB vừa được Apple cho ra mắt với một diện mạo sang chảnh về thiết kế, vượt trội về hiệu năng và quay phim chụp ảnh chuyên nghiệp. Đây hứa hẹn sẽ là dòng sản phẩm mới nổi và sẽ thu hút được nhiều khách hàng săn đón trong thời gian tới.","
                        <span>từ</span>
                    23.790.000₫ 
                ",27.990.000₫,-15%,4.4,22.0
42,291696,Điện thoại vivo Y22s 4GB,https://www.thegioididong.com/dtdd/vivo-y22s-4gb,"vivo dường như ngày càng chú trọng vào vẻ đẹp của từng sản phẩm khi có khá nhiều mẫu smartphone mới được trình làng với bề ngoài hết sức đẹp mắt, nổi bật trong khoảng thời gian gần đây (09/2022) có lẽ là vivo Y22s (4GB/128GB) khi sở hữu cho mình một diện mạo vuông vức, thời thượng cùng mức giá bán cũng không kém phần ấn tượng.",4.790.000₫ ,5.290.000₫,-9%,4.0,43.0
43,285224,Điện thoại vivo Y22s 8GB,https://www.thegioididong.com/dtdd/vivo-y22s-8gb,"vivo Y22s 8GB là mẫu điện thoại mới của vivo được giới thiệu chính thức tại thị trường Việt Nam vào hồi tháng (09/2022), phiên bản này được hãng chú trọng nhiều vào phần thiết kế nhằm mang đến diện mạo đẹp mắt và sang trọng đối với những mẫu máy giá rẻ.",5.290.000₫ *,5.990.000₫,-11%,4.1,111.0
44,250625,Điện thoại Samsung Galaxy Z Fold4 5G 256GB,https://www.thegioididong.com/dtdd/samsung-galaxy-z-fold4,"Tại sự kiện Samsung Unpacked thường niên, Samsung Galaxy Z Fold4 256GB chính thức được trình làng thị trường công nghệ, mang trên mình nhiều cải tiến đáng giá giúp Galaxy Z Fold trở thành dòng điện thoại gập đã tốt nay càng tốt hơn.",27.990.000₫ ,40.990.000₫,-31%,4.6,73.0
45,285031,Điện thoại Samsung Galaxy Z Fold4 5G 512GB,https://www.thegioididong.com/dtdd/samsung-galaxy-z-fold4-5g-512gb,"Samsung Galaxy Z Fold4 512GB có lẽ là cái tên dành được nhiều sự chú ý đến từ sự kiện Unpacked thường niên của Samsung, bởi máy sở hữu màn hình lớn cùng cơ chế gấp gọn giúp người dùng có thể dễ dàng mang theo. Cùng với đó là sự nâng cấp về hiệu năng và phần mềm giúp máy xử lý tốt hầu hết mọi tác vụ bạn cần từ làm việc đến giải trí.",,,,4.4,29.0
46,291623,Điện thoại Xiaomi 12T 5G 256GB,https://www.thegioididong.com/dtdd/xiaomi-12t-256gb,"Xiaomi 12T 5G 256GB là smartphone đầu tiên trên thế giới trang bị con chip Dimensity 8100 Ultra nên máy thu hút được khá nhiều sự chú ý vào thời điểm ra mắt, bộ vi xử lý này không chỉ có hiệu năng mạnh mẽ mà nó còn tối ưu được giá thành cho thiết bị, điều này giúp 12T trở thành chiếc điện thoại quốc dân cực kỳ đáng sắm.",11.990.000₫ *,12.990.000₫,-7%,4.4,133.0
47,286702,Điện thoại Xiaomi Redmi A1,https://www.thegioididong.com/dtdd/xiaomi-redmi-a1,"Xiaomi Redmi A1 là mẫu điện thoại giá rẻ nhưng vẫn mang trong mình một thiết kế trẻ trung, hiệu năng tốt cùng viên pin cực trâu, đáp ứng trọn vẹn trải nghiệm cả ngày dài, phù hợp với người dùng muốn chọn mua cho mình một thiết bị có giá thành vừa phải, nhằm đáp ứng nhu cầu sử dụng cơ bản hằng ngày.","
                        <span>từ</span>
                    1.690.000₫ 
                ",2.190.000₫,-22%,4.0,180.0
48,260546,Điện thoại OPPO Reno8 Pro 5G,https://www.thegioididong.com/dtdd/oppo-reno8-pro,"OPPO Reno8 Pro 5G là chiếc điện thoại cao cấp được nhà OPPO ra mắt vào thời điểm 09/2022, máy hướng đến sự hoàn thiện cao cấp ở phần thiết kế cùng khả năng quay chụp chuyên nghiệp nhờ trang bị vi xử lý hình ảnh MariSilicon X chuyên dụng.",17.990.000₫ ,18.990.000₫,-5%,4.4,53.0
49,263714,Điện thoại OPPO Reno8 5G,https://www.thegioididong.com/dtdd/oppo-reno8,"OPPO Reno8 5G có lẽ là cái tên dành được nhiều sự quan tâm nhất tại sự kiện ra mắt sản phẩm mới của OPPO vừa qua (08/2022). Máy sở hữu một thiết kế lạ mắt, khác biệt so với các thế hệ tiền nhiệm. Đi kèm là hiệu năng mạnh mẽ cùng bộ camera chất lượng nhằm đáp ứng tốt cho bạn trên mọi tác vụ.",13.990.000₫ ,,,4.2,159.0
50,285032,Điện thoại vivo Y02s 32GB,https://www.thegioididong.com/dtdd/vivo-y02s-32gb,vivo Y02s - một cái tên thuộc dòng Y vừa được vivo ra mắt với một diện mạo trẻ trung. Sở hữu bộ thông số được xem là nổi bật trong phân khúc điện thoại giá rẻ hiện nay (08/2022). Đây hứa hẹn sẽ là sản phẩm “vừa ngon vừa rẻ” mà người dùng không nên bỏ qua.,2.890.000₫ *,3.490.000₫,-17%,4.1,77.0
51,304276,Điện thoại vivo Y02s 64GB,https://www.thegioididong.com/dtdd/vivo-y02s-64gb,"Bộ sưu tập vivo Y Series tiếp tục gọi tên vivo Y02s (3GB/64GB), với mục tiêu mang đến nhiều tính năng hấp dẫn cho dòng điện thoại giá rẻ, sản phẩm hứa hẹn đem đến cho người dùng những trải nghiệm vượt xa mong đợi.","
                        <span>từ</span>
                    3.190.000₫ 
                ",3.290.000₫,-3%,4.4,54.0
52,236780,Điện thoại iPhone 13 mini 128GB,https://www.thegioididong.com/dtdd/iphone-13-mini,"iPhone 13 mini được Apple ra mắt với hàng loạt nâng cấp về cấu hình và các tính năng hữu ích, lại có thiết kế vừa vặn. Chiếc điện thoại này hứa hẹn là một thiết bị hoàn hảo hướng tới những khách hàng thích sự nhỏ gọn nhưng vẫn giữ được sự mạnh mẽ bên trong. ",15.990.000₫ ,16.890.000₫,-5%,4.5,100.0
53,304277,Điện thoại vivo Y02A,https://www.thegioididong.com/dtdd/vivo-y02a,"vivo Y02A mẫu điện thoại được nhà vivo cho ra mắt hướng đến nhóm người dùng yêu thích sự đơn giản trong thiết kế, hiệu năng tốt có thể xử lý các tác vụ thường ngày và một viên pin lớn đáp ứng được nhu cầu sử dụng lâu dài.",2.790.000₫ ,,,4.2,54.0
54,292672,Điện thoại realme 10,https://www.thegioididong.com/dtdd/realme-10,"realme 10 có thể xem là một trong những mẫu smartphone đáng mong đợi nhất trong dịp đầu năm 2023 với nhiều điểm nổi bật, một số điểm đáng chú ý có thể kể đến như: Tấm nền Super AMOLED, camera siêu độ phân giải 50 MP đi kèm con chip Helio G99 mạnh mẽ.",,,,4.1,47.0
55,280139,Điện thoại Nokia C21 Plus 32GB,https://www.thegioididong.com/dtdd/nokia-c21-plus-32gb,"Mới đây Nokia C21 Plus 32GB đã chính thức được cho ra mắt tại thị trường Việt Nam, máy sở hữu một viên pin lớn 5050 mAh, cụm camera kép nổi bật và một hệ điều hành ổn định (06/2022).",,,,4.1,42.0
56,283819,Điện thoại Samsung Galaxy A04s,https://www.thegioididong.com/dtdd/samsung-galaxy-a04s,"Samsung Galaxy A04s mang nhiều cải tiến so với thế hệ Galaxy A03s, màn hình hỗ trợ tần số quét 90 Hz cho trải nghiệm mượt mà cùng camera độ phân giải lên đến 50 MP, hứa hẹn mang đầy đủ các tính năng cần thiết ở một chiếc điện thoại dòng A giá rẻ.",3.990.000₫ ,,,4.2,302.0
57,283148,Điện thoại vivo V25 5G,https://www.thegioididong.com/dtdd/vivo-v25,"Dường như 2022 là một năm bùng nổ cho điện thoại V series khi nhiều sản phẩm được cho ra mắt với thông số và thiết kế rất ấn tượng, trong đó có vivo V25 vừa được giới thiệu vào tháng 10/2022 hứa hẹn sẽ gây sốt trên thị trường công nghệ trong giai đoạn cuối năm nay nhờ tạo hình đẹp cùng hiệu năng mạnh mẽ.",8.490.000₫ ,10.490.000₫,-19%,4.6,29.0
58,283828,Điện thoại vivo V25E,https://www.thegioididong.com/dtdd/vivo-v25e,"Cùng với vivo V25, nhà sản xuất Trung Quốc cũng đã tung ra thị trường mẫu điện thoại vivo V25E mới sở hữu thiết kế vô cùng hiện đại và độc đáo với mặt lưng kính có thể thay đổi màu sắc, camera 64 MP hỗ trợ OIS và sạc nhanh 44 W, đáp ứng đầy đủ nhu cầu của người dùng.",6.790.000₫ ,8.490.000₫,-20%,3.8,66.0
59,,,https://www.thegioididong.com/dtdd/samsung-galaxy-z-fold5,,,,,,
60,,,https://www.thegioididong.com/dtdd/samsung-galaxy-z-flip5,,,,,,
61,250622,Điện thoại OPPO Find X5 Pro 5G,https://www.thegioididong.com/dtdd/oppo-find-x5-pro,"OPPO Find X5 Pro 5G có lẽ là cái tên sáng giá được xướng tên trong danh sách điện thoại có thiết kế ấn tượng trong năm 2022. Máy được hãng cho ra mắt với một diện mạo độc lạ chưa từng có, cùng với đó là những nâng cấp về chất lượng ở camera nhờ sự hợp tác với nhà sản xuất máy ảnh Hasselblad. ",19.990.000₫ ,32.990.000₫,-39%,3.8,14.0
62,267984,Điện thoại Xiaomi 13 5G,https://www.thegioididong.com/dtdd/xiaomi-13,"Xiaomi 13 5G - chiếc điện thoại đáng chú ý trên thị trường với nhiều điểm nâng cấp ấn tượng trong phân khúc giá. Máy mang đến trải nghiệm chụp ảnh thú vị với nhiều bộ lọc màu cũng như chế độ độc đáo mà Leica cung cấp, cùng với đó là chip Snapdragon 8 Gen 2 sở hữu hiệu năng cực kỳ mạnh mẽ giúp mọi trải nghiệm đều trở nên mượt mà.","
                        <span>từ</span>
                    18.490.000₫ *
                ",22.990.000₫,-19%,4.3,22.0
63,302531,Điện thoại Xiaomi 13 Lite 5G,https://www.thegioididong.com/dtdd/xiaomi-13-lite-5g,"Hãng Xiaomi đã ra mắt mẫu điện thoại Xiaomi 13 Lite 5G, tiếp tục thành công từ dòng flagship Xiaomi 13 series. Được xem là dòng sản phẩm tầm trung, Xiaomi 13 Lite 5G có nhiều điểm nổi bật như sử dụng chipset mới từ Qualcomm và hệ thống camera đáng chú ý trong phân khúc.","
                        <span>từ</span>
                    9.690.000₫ *
                ",11.490.000₫,-15%,4.1,59.0
64,282903,Điện thoại Xiaomi 13 Pro 5G,https://www.thegioididong.com/dtdd/xiaomi-13-pro,"Xiaomi 13 Pro là siêu phẩm mới từ nhà Xiaomi đồng hành cùng Leica - thương hiệu nhiếp ảnh danh tiếng. Đây được xem là tâm điểm thu hút sự chú ý của cộng đồng người dùng trong năm 2023, đặc biệt là những ai yêu thích nhiếp ảnh nhờ camera ấn tượng.",26.990.000₫ *,29.990.000₫,-10%,5,10.0
65,,,https://www.thegioididong.com/dtdd/samsung-galaxy-s22-ultra,,,,,,
66,264060,Điện thoại Samsung Galaxy S23 5G 128GB,https://www.thegioididong.com/dtdd/samsung-galaxy-s23-5g,"Samsung Galaxy S23 5G 128GB chắc hẳn không còn là cái tên quá xa lạ đối với các tín độ công nghệ hiện nay, được xem là một trong những gương mặt chủ chốt đến từ nhà Samsung với cấu hình mạnh mẽ bậc nhất, camera trứ danh hàng đầu cùng lối hoàn thiện vô cùng sang trọng và hiện đại.",17.990.000₫ ,22.990.000₫,-21%,4.5,31.0
67,301795,Điện thoại Samsung Galaxy S23 5G 256GB,https://www.thegioididong.com/dtdd/samsung-galaxy-s23-5g-256gb,"Samsung Galaxy S23 5G 256GB có lẽ là ứng cử viên sáng giá được xướng tên trong danh sách điện thoại đáng mua nhất năm 2023. Đây là siêu phẩm hội tụ những gì mà bạn hằng mơ ước về thiết kế, cấu hình, camera,... hứa hẹn mang đến trải nghiệm sử dụng đỉnh cao trong cuộc sống hằng ngày đầy năng động.",21.990.000₫ ,24.990.000₫,-12%,4.9,9.0
68,223602,Điện thoại iPhone 13 128GB,https://www.thegioididong.com/dtdd/iphone-13,"Trong khi sức hút đến từ bộ 4 phiên bản iPhone 12 vẫn chưa nguội đi, thì hãng điện thoại Apple đã mang đến cho người dùng một siêu phẩm mới iPhone 13 với nhiều cải tiến thú vị sẽ mang lại những trải nghiệm hấp dẫn nhất cho người dùng.","
                        <span>từ</span>
                    16.790.000₫ 
                ",18.990.000₫,-11%,4.4,418.0
69,250258,Điện thoại iPhone 13 256GB,https://www.thegioididong.com/dtdd/iphone-13-256gb,"Apple thỏa mãn sự chờ đón của iFan và người dùng với sự ra mắt của iPhone 13. Dù ngoại hình không có nhiều thay đổi so với iPhone 12 nhưng với cấu hình mạnh mẽ hơn, đặc biệt pin “trâu” hơn và khả năng quay phim chụp ảnh cũng ấn tượng hơn, hứa hẹn mang đến những trải nghiệm thú vị trên phiên bản mới này.","
                        <span>từ</span>
                    19.890.000₫ 
                ",20.990.000₫,-5%,4.5,86.0
70,258047,Điện thoại Samsung Galaxy Z Flip4 5G 128GB,https://www.thegioididong.com/dtdd/samsung-galaxy-z-flip4,"Samsung Galaxy Z Flip4 128GB đã chính thức ra mắt thị trường công nghệ, đánh dấu sự trở lại của Samsung trên con đường định hướng người dùng về sự tiện lợi trên những chiếc điện thoại gập. Với độ bền được gia tăng cùng kiểu thiết kế đẹp mắt giúp Flip4 trở thành một trong những tâm điểm sáng giá cho nửa cuối năm 2022.",15.990.000₫ ,23.990.000₫,-33%,4.4,77.0
71,285030,Điện thoại Samsung Galaxy Z Flip4 5G 256GB,https://www.thegioididong.com/dtdd/samsung-galaxy-z-flip4-5g-256gb,"Tiếp nối sự thành công đến từ các thế thệ điện thoại gập đi trước, Samsung Galaxy Z Flip4 256GB đã được ra mắt với một ngôn ngữ thiết kế thân quen cùng sự nâng cấp đáng kể về độ bền cũng như nâng cấp kiểu dáng và chất liệu. Không đơn thuần là một chiếc smartphone mà đây còn được coi là món phụ kiện thời trang cao cấp đến từ nhà Samsung.",,,,4.1,31.0
72,285696,Điện thoại Samsung Galaxy Z Flip4 5G 512GB,https://www.thegioididong.com/dtdd/samsung-galaxy-z-flip4-5g-512gb,"Mới đây tại sự kiện Unpacked 2022 toàn cầu diễn ra ngày 10/08 thì chiếc Samsung Galaxy Z Flip4 512GB cũng đã chính thức lộ diện với một vẻ ngoài cuốn hút đầy bắt mắt. Máy được nâng cấp độ bền so với thế hệ cũ nhờ sử dụng nhiều vật liệu cao cấp để chế tạo, từ đó làm tăng mức độ uy tín giúp người dùng có thể an tâm trang bị và sử dụng trong thời gian dài.",19.990.000₫ ,29.490.000₫,-32%,4.4,31.0
73,213031,Điện thoại iPhone 12 64GB,https://www.thegioididong.com/dtdd/iphone-12,"Trong những tháng cuối năm 2020, Apple đã chính thức giới thiệu đến người dùng cũng như iFan thế hệ iPhone 12 series mới với hàng loạt tính năng bứt phá, thiết kế được lột xác hoàn toàn, hiệu năng đầy mạnh mẽ và một trong số đó chính là iPhone 12 64GB.",15.490.000₫ ,17.990.000₫,-13%,4.2,306.0
74,228736,Điện thoại iPhone 12 128GB,https://www.thegioididong.com/dtdd/iphone-12-128gb,"Apple đã trình diện đến người dùng mẫu điện thoại iPhone 12 128GB với sự tuyên bố về một kỷ nguyên mới của iPhone 5G, nâng cấp về màn hình và hiệu năng hứa hẹn đây sẽ là smartphone cao cấp đáng để mọi người đầu tư sở hữu. ",16.490.000₫ ,18.990.000₫,-13%,4.4,164.0
75,,,https://www.thegioididong.com/dtdd/realme-11-pro-plus-5g,,,,,,
76,236187,Điện thoại OPPO Reno6 Pro 5G,https://www.thegioididong.com/dtdd/oppo-reno6-pro-5g,"OPPO Reno6 Pro 5G - một sản phẩm thuộc dòng Reno6 của OPPO, thỏa mãn những gì người tiêu dùng đã trông đợi với cấu hình khủng cùng hệ thống camera cực ấn tượng và ngoại hình bắt mắt, thật hào hứng mong chờ để được trải nghiệm.",13.990.000₫ ,,,4.4,59.0
77,,,https://www.thegioididong.com/dtdd/oppo-reno10-pro,,,,,,
78,,,https://www.thegioididong.com/dtdd/realme-11-pro,,,,,,
79,,,https://www.thegioididong.com/dtdd/xiaomi-mi-12,,,,,,
80,282389,Điện thoại vivo V25 Pro 5G,https://www.thegioididong.com/dtdd/vivo-v25-pro-5g,"vivo V25 Pro 5G vừa được ra mắt với một mức giá bán cực kỳ hấp dẫn, thế mạnh của máy thuộc về phần hiệu năng nhờ trang bị con chip MediaTek Dimensity 1300 và cụm camera sắc nét 64 MP, hứa hẹn mang lại cho người dùng những trải nghiệm ổn định trong suốt quá trình sử dụng.",9.990.000₫ ,13.990.000₫,-28%,4.2,37.0
81,,,https://www.thegioididong.com/dtdd/oppo-reno10-5g-128gb,,,,,,
82,303585,Điện thoại Samsung Galaxy A54 5G 128GB,https://www.thegioididong.com/dtdd/samsung-galaxy-a54-5g-128gb,"Samsung Galaxy A54 5G 128GB là mẫu điện thoại tầm trung hiện đang làm mưa làm gió tại thị trường Việt Nam khi sở hữu những thông số ấn tượng với chip hiệu năng cao, màn hình chất lượng đi cùng hệ thống camera xịn sò trong phân khúc.",9.490.000₫ ,10.490.000₫,-9%,4.1,147.0
83,250103,Điện thoại Samsung Galaxy A54 5G 256GB,https://www.thegioididong.com/dtdd/samsung-galaxy-a54,"Samsung Galaxy A54 5G là mẫu điện thoại thông minh trong phân khúc tầm trung vừa được hãng cho ra mắt vào tháng 03/2023, máy trang bị màn hình Super AMOLED cùng con chip Exynos 1380 tiên tiến do chính Samsung sản xuất.",9.990.000₫ ,11.490.000₫,-13%,4.3,116.0
84,278886,Điện thoại Xiaomi Redmi Note 12 Pro 5G,https://www.thegioididong.com/dtdd/xiaomi-redmi-note-12-pro-5g,"Xiaomi Redmi Note 12 Pro 5G mẫu điện thoại tầm trung được kỳ vọng sẽ trở thành sản phẩm quốc dân trong năm 2023, nhờ sở hữu khá nhiều sự nâng cấp với camera 50 MP, chip MediaTek mạnh mẽ cùng ngôn ngữ thiết kế mới vô cùng tối giản, hiện đại.",8.990.000₫ ,9.490.000₫,-5%,4.1,90.0
85,307891,Điện thoại OPPO A98 5G,https://www.thegioididong.com/dtdd/oppo-a98-5g,"Những mẫu điện thoại OPPO cho ra mắt thời gian gần đây (2023) có vẻ ngoài đẹp mắt phù hợp với thị hiếu người tiêu dùng hiện nay. Trong đó OPPO A98 5G mẫu điện thoại mới của điện thoại OPPO A, với lối thiết kế hiện đại, màn hình hiển thị chi tiết thông tin cũng như một hiệu năng ổn định.",8.990.000₫ ,,,4.5,194.0
86,246196,Điện thoại Samsung Galaxy A53 5G 128GB,https://www.thegioididong.com/dtdd/samsung-galaxy-a53,"Samsung Galaxy A53 5G 128GB trình làng với một thiết kế hiện đại, hiệu năng ổn định cùng một màn hình hiển thị sắc nét, hỗ trợ tần số quét cao giúp bạn có được những phút giây giải trí cực kỳ đã mắt, hay thỏa mãn đam mê nhiếp ảnh trong bạn nhờ trang bị camera có độ phân giải cao.",,,,3.6,373.0
87,299248,Điện thoại OPPO Reno8 T,https://www.thegioididong.com/dtdd/oppo-reno8-t,"OPPO Reno8 T là một trong những mẫu điện thoại vừa được nhà OPPO tung ra thị trường vào dịp đầu năm 2023 với nhiều thay đổi ấn tượng, trong đó nổi bật nhất có lẽ là ống kính camera 100 MP, đi cùng lối thiết kế trẻ trung đẹp mắt, hứa hẹn sẽ thu hút bạn ngay từ cái nhìn đầu tiên.",8.490.000₫ ,,,3.9,52.0
88,271717,Điện thoại OPPO Reno7 Z 5G,https://www.thegioididong.com/dtdd/oppo-reno7-z,"OPPO đã trình làng mẫu Reno7 Z 5G với thiết kế OPPO Glow độc quyền, camera mang hiệu ứng như máy DSLR chuyên nghiệp cùng viền sáng kép, máy có một cấu hình mạnh mẽ và đạt chứng nhận xếp hạng A về độ mượt.",7.490.000₫ ,,,4.0,140.0
89,251964,Điện thoại OPPO Reno7 Pro 5G,https://www.thegioididong.com/dtdd/oppo-reno7-pro,"OPPO Reno7 Pro 5G trình làng với một thiết kế mới lạ đầy bắt mắt, hiệu năng ổn định cùng khả năng chụp ảnh - quay video cực kỳ chất lượng nhờ những nâng cấp đáng giá về thuật toán xử lý trên cảm biến chính IMX766 đến từ Sony.",11.990.000₫ ,,,4.1,55.0
90,247361,Điện thoại OPPO Reno7 5G,https://www.thegioididong.com/dtdd/oppo-reno7,"Tiếp nối sự thành công của dòng sản phẩm Reno, OPPO cho ra mắt Reno7 5G với cải tiến đáng kể về phần camera, sở hữu một thiết kế bắt mắt cùng một hiệu năng mạnh mẽ giúp bạn có được những trải nghiệm vô cùng tuyệt vời trên mọi tác vụ. ",7.990.000₫ ,,,4.2,94.0
91,299734,Điện thoại Xiaomi Redmi Note 12 Pro 128GB,https://www.thegioididong.com/dtdd/xiaomi-redmi-note-12-pro-4g,"Xiaomi Redmi Note 12 Pro 4G tiếp tục sẽ là mẫu điện thoại tầm trung được nhà Xiaomi giới thiệu đến thị trường Việt Nam trong năm 2023, máy nổi bật với camera 108 MP chất lượng, thiết kế viền mỏng cùng hiệu năng đột phá nhờ trang bị chip Snapdragon 732G.",7.190.000₫ ,,,4.2,125.0
92,306774,Điện thoại Xiaomi Redmi Note 12 Pro 256GB,https://www.thegioididong.com/dtdd/xiaomi-redmi-note-12-pro-4g-256gb,"Mới đây nhà Xiaomi cũng đã tiếp tục cho ra mắt mẫu điện thoại mới của mình trong năm 2023 với tên gọi Xiaomi Redmi Note 12 Pro 4G 256GB. Được định hình là dòng sản phẩm thuộc phân khúc tầm trung, sở hữu nhiều ưu điểm về thiết kế, hiệu năng Snapdragon 732G cùng hệ thống 4 ống kính đa dụng.",7.690.000₫ ,7.990.000₫,-3%,4.2,43.0
93,,,https://www.thegioididong.com/dtdd/oppo-a78,,,,,,
94,292780,Điện thoại OPPO A77s,https://www.thegioididong.com/dtdd/oppo-a77s,"OPPO vừa cho ra mắt mẫu điện thoại tầm trung mới với tên gọi OPPO A77s, máy sở hữu màn hình lớn, thiết kế đẹp mắt, hiệu năng ổn định cùng khả năng mở rộng RAM lên đến 8 GB vô cùng nổi bật trong phân khúc.",6.290.000₫ ,,,4.2,140.0
95,273335,Điện thoại Xiaomi Redmi Note 12S,https://www.thegioididong.com/dtdd/xiaomi-redmi-note-12s,"Xiaomi Redmi Note 12S sẽ là chiếc điện thoại tiếp theo được nhà Xiaomi tung ra thị trường Việt Nam trong thời gian tới (05/2023). Điện thoại sở hữu một lối thiết kế hiện đại, màn hình hiển thị chi tiết đi cùng với đó là một hiệu năng mượt mà xử lý tốt các tác vụ.",6.190.000₫ ,6.690.000₫,-7%,4,33.0
96,274381,Điện thoại OPPO A96,https://www.thegioididong.com/dtdd/oppo-a96-4g,"OPPO A96 là cái tên được nhắc đến khá nhiều trên các diễn đàn công nghệ hiện nay, nhờ sở hữu một ngoại hình hết sức bắt mắt cùng hàng loạt các thông số ấn tượng trong phân khúc giá như hiệu năng cao, camera chụp ảnh sắc nét.",6.190.000₫ ,6.990.000₫,-11%,4.2,131.0
97,286697,Điện thoại vivo Y35,https://www.thegioididong.com/dtdd/vivo-y35-2022,"vivo Y35 là một chiếc điện thoại tầm trung đáng chú ý được ra mắt vào tháng 10/2022, máy nổi bật nhờ sở hữu thiết kế đẹp, khả năng sạc nhanh cùng cấu hình ổn trong phân khúc, ngoài ra camera với độ phân giải lên đến 50 MP cũng là điểm cộng dành cho chiếc máy này.",5.990.000₫ *,6.990.000₫,-14%,4.3,70.0
98,246199,Điện thoại Samsung Galaxy A33 5G 6GB,https://www.thegioididong.com/dtdd/samsung-galaxy-a33,"Samsung Galaxy A33 5G 6GB ra mắt vào ngày 04/2022, được xem là bản cập nhật khá lớn so với thế hệ tiền nhiệm Galaxy A32 về thiết kế đến thông số kỹ thuật bên trong, nhằm mang đến vẻ ngoài đẹp mắt cũng như cạnh tranh trực tiếp ở phần hiệu năng đối với các đối thủ cùng phân khúc giá.",5.490.000₫ ,7.290.000₫,-24%,3.7,314.0
99,278949,Điện thoại vivo Y55,https://www.thegioididong.com/dtdd/vivo-y55-2022,"vivo Y55 là một cái tên sáng giá dành cho những ai đang muốn chọn mua một chiếc điện thoại phục vụ việc chơi game nhờ cấu hình ổn định trên mức giá phải chăng, kèm với đó là khả năng chụp ảnh sắc nét hỗ trợ bạn trong các công việc nhiếp ảnh cực kỳ dễ dàng.",5.340.000₫ ,,,4.3,75.0
100,253137,Điện thoại vivo T1x,https://www.thegioididong.com/dtdd/vivo-t1x,"vivo vừa mới tung ra thị trường điện thoại vivo T1x đây là mẫu smartphone gaming tầm trung với hàng loạt những điểm nổi bật khi mang trong mình con chip Snapdragon 680 có một hiệu năng ổn định, vẻ ngoài trẻ trung đi cùng với bộ ba camera chất lượng mang đến trải nghiệm tối ưu cho người dùng.",5.290.000₫ ,,,4.4,31.0
101,270360,Điện thoại OPPO A76,https://www.thegioididong.com/dtdd/oppo-a76-4g,"OPPO A76 4G ra mắt với thiết kế trẻ trung, hiệu năng ổn định, màn hình 90 Hz mượt mà cùng viên pin trâu cho thời gian sử dụng lâu dài phù hợp cho mọi đối tượng người dùng.",5.190.000₫ ,5.990.000₫,-13%,4.3,153.0
102,272016,Điện thoại Samsung Galaxy A23 5G 4GB,https://www.thegioididong.com/dtdd/samsung-galaxy-a23-5g,"Samsung Galaxy A23 5G 4GB là thiết bị di động được cho ra mắt vào tháng 11/2022 tại thị trường Việt Nam. Điện thoại mang đến sự chú ý khi sở hữu mức giá bán rẻ, cấu hình ổn trong phân khúc cùng vẻ ngoài đầy bắt mắt.",,,,4.4,38.0
103,296239,Điện thoại Samsung Galaxy A23 5G 6GB,https://www.thegioididong.com/dtdd/samsung-galaxy-a23-5g-6gb,"Samsung Galaxy A23 5G 6GB - một phiên bản nâng cấp từ điện thoại A23 4G vừa mới ra mắt vào thời gian không lâu trước đó. Điện thoại sở hữu bộ vi xử lý ổn định kèm tính năng 5G hiện đại mang đến trải nghiệm mượt mà, cụm camera đem đến những bức ảnh chất lượng và viên pin lớn cho bạn thời gian trải nghiệm dài lâu.",5.490.000₫ ,6.290.000₫,-12%,4.1,85.0
104,262650,Điện thoại Samsung Galaxy A23 4GB,https://www.thegioididong.com/dtdd/samsung-galaxy-a23,"Samsung Galaxy A23 4GB sở hữu bộ thông số kỹ thuật khá ấn tượng trong phân khúc, máy có một hiệu năng ổn định, cụm 4 camera thông minh cùng một diện mạo trẻ trung phù hợp cho mọi đối tượng người dùng.",,,,4.2,191.0
105,274359,Điện thoại Samsung Galaxy A23 6GB,https://www.thegioididong.com/dtdd/samsung-galaxy-a23-6gb,"Được Samsung cho ra mắt vào 03/2022 - Samsung Galaxy A23 6GB có một thiết kế trẻ trung cùng bộ thông số kỹ thuật khá ấn tượng trong tầm giá, đáp ứng nhu cầu sử dụng cả ngày một cách ổn định nhờ trang bị chipset đến từ nhà Qualcomm và một viên pin dung lượng khủng.",5.390.000₫ ,6.190.000₫,-12%,3.8,364.0
106,,,https://www.thegioididong.com/dtdd/samsung-galaxy-a14-5g,,,,,,
107,306785,Điện thoại realme C53,https://www.thegioididong.com/dtdd/realme-c53,"realme C53 - chiếc điện thoại giá rẻ với thiết kế đẹp, màn hình lớn và camera sắc nét, thực sự là một lựa chọn hợp lý dành cho người dùng khi đang băn khoăn tìm mua một thiết bị trong phân khúc giá rẻ.",4.290.000₫ ,,,4.4,366.0
108,307556,Điện thoại Xiaomi Redmi 12 4GB,https://www.thegioididong.com/dtdd/xiaomi-redmi-12-4gb,"Xiaomi Redmi 12 mẫu điện thoại mới nhất được nhà Xiaomi tung ra vào tháng 06/2023 khiến cho cộng đồng đam mê công nghệ vô cùng thích thú. Máy khoác lên mình một vẻ ngoài cá tính, màn hình lớn đem đến trải nghiệm đã mắt cùng một hiệu năng ổn định với mọi tác vụ.",4.290.000₫ ,,,4.4,392.0
109,307245,Điện thoại Xiaomi Redmi 12 8GB,https://www.thegioididong.com/dtdd/xiaomi-redmi-12,"Xiaomi Redmi 12 - chiếc điện thoại giá rẻ với thiết kế tinh tế, màn hình lớn cùng camera sắc nét và tích hợp vi xử lý MediaTek Helio G88 mạnh mẽ trong phân khúc. Sản phẩm sẽ là sự lựa chọn lý tưởng cho những người muốn trải nghiệm công nghệ tiên tiến với mức giá phải chăng.",4.790.000₫ ,,,4.4,984.0
110,282090,Điện thoại OPPO A57 64GB,https://www.thegioididong.com/dtdd/oppo-a57-4g,"Điện thoại OPPO A57 64GB vừa mới ra mắt đã tạo ấn tượng tích cực với cộng đồng yêu công nghệ. Sở hữu cho mình một thiết kế trẻ trung, hiệu năng mượt mà đáp ứng tốt nhu cầu cơ bản hằng ngày.",4.090.000₫ ,,,4.1,101.0
111,285082,Điện thoại OPPO A57 128GB,https://www.thegioididong.com/dtdd/oppo-a57-128gb,"OPPO đã bổ sung thêm vào dòng sản phẩm OPPO A giá rẻ một thiết bị mới có tên OPPO A57 128GB. Khác với mẫu A57 5G đã được ra mắt trước đó, điện thoại dòng A mới có màn hình HD+, camera chính 13 MP và pin 5000 mAh.",4.390.000₫ ,4.990.000₫,-12%,4.1,282.0
112,288401,Điện thoại OPPO A17,https://www.thegioididong.com/dtdd/oppo-a17,"OPPO A17 là mẫu điện thoại thuộc phân khúc giá rẻ, máy thu hút nhiều sự chú ý khi sở hữu cấu hình tốt, thiết kế đẹp cùng mức giá bán phải chăng, hứa hẹn mang lại nhiều trải nghiệm tốt “đáng tiền hơn giá tiền”.",3.990.000₫ ,,,4.3,89.0
113,250755,Điện thoại vivo Y21s 6GB,https://www.thegioididong.com/dtdd/vivo-y21s-6gb,"vivo chính thức tung ra chiếc điện thoại vivo Y21s 6GB với hàng loạt các ưu điểm nổi bật, không chỉ ngoại hình bên ngoài mà cả sức mạnh bên trong. Đặc biệt, chiếc smartphone này còn sở hữu mức giá cực tốt trong phân khúc, hứa hẹn sẽ đáp ứng tốt nhu cầu giải trí của bạn.",4.490.000₫ ,,,3.9,114.0
114,249429,Điện thoại vivo Y21s 4GB,https://www.thegioididong.com/dtdd/vivo-y21s,"vivo đã giới thiệu thêm một phiên bản thuộc series Y21 mang tên vivo Y21s 4GB, đây là một trong những mẫu smartphone tầm trung đầu tiên của vivo được trang bị camera chính lên đến 50 MP. Máy có thiết kế trẻ trung, pin dung lượng lớn cùng công nghệ mở rộng RAM.",3.890.000₫ ,,,3.7,90.0
115,274360,Điện thoại Samsung Galaxy A13 6GB,https://www.thegioididong.com/dtdd/samsung-galaxy-a13-6gb,"Samsung Galaxy A13 6GB đem đến những trải nghiệm tuyệt vời cùng mức giá cực kỳ phải chăng, nhằm hướng tới đối tượng học sinh, sinh viên. Máy có thiết kế trẻ trung, thanh thoát, cụm camera được chăm chút chỉnh chu cùng thời gian sử dụng đáp ứng cho cả ngày dài.",3.690.000₫ ,4.690.000₫,-21%,3.8,427.0
116,303937,Điện thoại Nokia G22,https://www.thegioididong.com/dtdd/nokia-g22,"Nokia G22 là mẫu điện thoại giá rẻ được ra mắt chính thức vào tháng 03/2023 tại thị trường Việt Nam. Máy nổi bật với màn hình lớn, camera có độ phân giải 50 MP cùng một viên pin trâu cho thời gian sử dụng vô cùng ấn tượng.",,,,3.9,84.0
117,309723,Điện thoại vivo Y02T,https://www.thegioididong.com/dtdd/vivo-y02t,"Điện thoại vivo Y02T là một trong những sản phẩm mới của vivo, hãng smartphone nổi tiếng của Trung Quốc. Tuy thuộc phân khúc giá rẻ, nhưng vẫn có những tính năng nổi bật như pin lớn 5000 mAh, màn hình IPS LCD 6.51 inch, bộ xử lý Helio P35 và bộ nhớ lưu trữ 64 GB.",3.290.000₫ ,,,4.4,5.0
118,288404,Điện thoại OPPO A17K,https://www.thegioididong.com/dtdd/oppo-a17k,"OPPO A17K là mẫu điện thoại giá rẻ đáng chú ý được ra mắt vào tháng 10/2022, máy nổi bật với viên pin 5000 mAh, thiết kế đẹp cùng màn hình lớn giúp nâng cao trải nghiệm hình ảnh khi xem phim, chơi game giải trí.",2.990.000₫ ,3.290.000₫,-9%,3.9,137.0
119,275434,Điện thoại Samsung Galaxy A04 (3GB/32GB),https://www.thegioididong.com/dtdd/samsung-galaxy-a04,"Samsung Galaxy A04 một cái tên khá quen của dòng Galaxy A khi sở hữu cho mình một thiết kế đơn giản nhưng rất tinh tế, camera cho ra những bức ảnh sắc nét và một viên pin lớn mang đến trải nghiệm lâu dài.",2.990.000₫ ,,,4.1,162.0
120,291625,Điện thoại Samsung Galaxy A04 (4GB/64GB),https://www.thegioididong.com/dtdd/samsung-galaxy-a04-4gb-64gb,"Samsung Galaxy A04 (4GB/64GB) sở hữu màn hình kích thước lớn, camera độ phân giải cao lên đến 50 MP và viên pin 5000 mAh, hứa hẹn sẽ trở thành đối thủ đáng gờm trong phân khúc điện thoại giá rẻ.",3.490.000₫ ,,,4.1,217.0
121,240631,Điện thoại OPPO A16,https://www.thegioididong.com/dtdd/oppo-a16,"OPPO A16 - sản phẩm giá rẻ đến từ nhà OPPO, đây là một chiếc điện thoại cân bằng ở mọi khía cạnh trong tầm giá, máy có thiết kế đẹp mắt, sử dụng CPU gaming đến từ MediaTek cùng viên pin siêu trâu.",2.790.000₫ ,,,4.3,97.0
122,302655,Điện thoại Xiaomi Redmi A2+,https://www.thegioididong.com/dtdd/xiaomi-redmi-a2-plus,"Xiaomi Redmi A2 Plus chiếc điện thoại được nhà Xiaomi tung ra thị trường Việt Nam trong thời gian 05/2023. Máy mang trong mình hiệu năng ổn định với các tác vụ đơn giản, viên pin lớn cùng hệ thống camera mang đến khả năng chụp ổn định.",2.790.000₫ ,,,4.0,66.0
123,298388,Điện thoại vivo Y02,https://www.thegioididong.com/dtdd/vivo-y02,"Nhà vivo vừa tung ra thị thường một mẫu smartphone vào dịp cuối năm 2022 với mức giá bán dễ tiếp cận, vivo Y02 được xem là cái tên sẽ lấn át được nhiều đối thủ trong phân khúc khi sở hữu màn hình lớn, pin trâu cùng con chip Helio P22 có hiệu năng ổn định.",2.590.000₫ ,2.790.000₫,-7%,3.8,25.0
124,292632,Điện thoại realme C33 (3GB/32GB),https://www.thegioididong.com/dtdd/realme-c33-3gb,"Trong tháng 10/2022, realme C33 (3GB/32GB) là cái tên thu hút được nhiều sự chú ý trên các diễn đàn công nghệ, sở hữu trên máy là một thiết kế hợp xu hướng đi kèm với màn hình to rõ giúp bạn có thể sử dụng các tác vụ giải trí được tốt hơn.",,,,4.0,55.0
125,268880,Điện thoại vivo Y01,https://www.thegioididong.com/dtdd/vivo-y01,"vivo Y01 được trình làng với một bộ thông số kỹ thuật ấn tượng trong tầm giá, sở hữu những ưu điểm như: Màn hình kích thước lớn, hiệu năng ổn định và thời gian sử dụng lâu dài, được xem là thiết bị phù hợp với những bạn học sinh - sinh viên cho các công việc học tập hay giải trí nhẹ nhàng sau những phút giây căng thẳng.",2.390.000₫ ,,,4.1,120.0
126,251897,Điện thoại Itel L6502,https://www.thegioididong.com/dtdd/itel-l6502,"Sở hữu một smartphone có ngoại hình đẹp với cấu hình tốt, giá rẻ không còn là điều không tưởng với Itel L6502, một phiên bản đẹp, giá tốt đến từ Itel đã sẵn sàng cho bạn trải nghiệm.",1.590.000₫ ,2.290.000₫,-30%,4.1,88.0
127,286060,Điện thoại Nokia 8210 4G,https://www.thegioididong.com/dtdd/nokia-8210-4g,"Nokia 8210 4G có lẽ là một lựa chọn phù hợp với những ai cần cho mình một chiếc điện thoại phổ thông phục vụ cho nhu cầu nghe gọi. Máy có giá thành rẻ và vừa có độ bền cao, giúp cho người dùng có thể tiết kiệm được kha khá số tiền bỏ ra ban đầu cũng như không cần quá lo lắng đến vấn đề hỏng hóc trong lúc sử dụng.",1.590.000₫ ,,,3.5,117.0
128,251896,Điện thoại Itel L6006,https://www.thegioididong.com/dtdd/itel-l6006,"Itel L6006 đến từ thương hiệu Itel phù hợp với những ai đang tìm kiếm cho mình một chiếc smartphone giá rẻ với cấu hình ổn định, được trang bị đầy đủ các tính năng thông dụng và có giá thành phải chăng.",1.390.000₫ ,1.990.000₫,-30%,3.8,73.0
129,228366,Điện thoại Nokia 215 4G,https://www.thegioididong.com/dtdd/nokia-215,Nokia 215 4G chiếc điện thoại phổ thông ngoài các chức năng cơ bản thì máy đã được nâng cấp với sự hỗ trợ kết nối mạng 4G mang đến nhiều trải nghiệm hơn cho người dùng.,990.000₫ ,,,3.3,269.0
130,288631,Điện thoại Mobell Rock 4 4G,https://www.thegioididong.com/dtdd/mobell-rock-4,"Mobell Rock 4 được xem là một trong những chiếc điện thoại bền bỉ nhất mà nhà Mobell chính thức cho ra mắt trên thị trường, sở hữu diện mạo cứng cáp cùng viên pin cực trâu giúp máy có thể đồng hành cùng bạn trong suốt một thời gian dài.",810.000₫ ,,,4.3,64.0
131,304608,Điện thoại Mobell F309 4G,https://www.thegioididong.com/dtdd/mobell-f309,"Chiếc điện thoại Mobell F309 là sự lựa chọn phù hợp cho khách hàng đang tìm kiếm một thiết bị di động nhỏ gọn để liên lạc, hỗ trợ mạng di động 4G VoLTE và có thể sử dụng hai SIM nano giúp cho nhu cầu liên lạc bằng việc nghe gọi/nhắn tin được đáp ứng tốt.",760.000₫ ,,,4.5,35.0
132,285027,Điện thoại Masstel Lux 20 4G,https://www.thegioididong.com/dtdd/masstel-lux-20,"Masstel Lux 20 là mẫu điện thoại phổ thông vừa được ra mắt trên thị trường vào tháng 7 năm 2022 với mức giá bán cực kỳ hấp dẫn, máy hỗ trợ chủ yếu cho việc nhắn tin nghe gọi cùng một viên pin lớn để bạn có thể thoải mái dùng trong nhiều ngày liền.",750.000₫ ,,,3.9,69.0
133,264121,Điện thoại Masstel FAMI 60 4G,https://www.thegioididong.com/dtdd/masstel-fami-60,"Masstel Fami 60 là chiếc điện thoại phổ thông dành tặng riêng cho người cao tuổi với thiết kế gọn gàng, màn hình rõ nét và cụm loa ngoài cực lớn cùng pin “siêu trâu”, hỗ trợ công nghệ đàm thoại LTE 4G, hứa hẹn sẽ đáp ứng hoàn hảo nhu cầu giải trí cơ bản, liên lạc của bạn.",730.000₫ ,,,4.1,135.0
134,288630,Điện thoại Mobell M539 4G,https://www.thegioididong.com/dtdd/mobell-m539,Mobell M539 - chiếc điện thoại phổ thông vừa được ra mắt phù hợp cho ai đang tìm kiếm cho mình một thiết bị nhỏ gọn phục vụ tốt trong việc liên lạc bởi máy có hỗ trợ mạng di động 4G VoLTE cùng khả năng trang bị 2 nano SIM.,700.000₫ ,,,4.0,60.0
135,240196,Điện thoại Nokia 110 4G,https://www.thegioididong.com/dtdd/nokia-110-4g,"Nokia chính thức trình làng chiếc điện thoại Nokia 110 4G phiên bản nâng cấp của Nokia 110 2019 có điểm nhấn chính là công nghệ kết nối Internet 4G thỏa thích trải nghiệm mọi lúc, mọi nơi cùng với một thiết kế vô cùng mới mẻ và sang trọng.",670.000₫ ,870.000₫,-22%,4.0,156.0
136,240194,Điện thoại Nokia 105 4G,https://www.thegioididong.com/dtdd/nokia-105-4g,"​Nokia 105 4G - Chiếc điện thoại phổ thông nổi bật với thiết kế sang trọng, khả năng nghe gọi bền bỉ trong thời gian dài, hỗ trợ công nghệ 4G cùng nhiều tiện ích giải trí hấp dẫn khác đến từ nhà Nokia.",650.000₫ ,820.000₫,-20%,3.7,248.0
137,274016,Điện thoại Masstel FAMI 12 4G,https://www.thegioididong.com/dtdd/masstel-fami-12-4g,"Masstel Fami 12 4G - mẫu điện thoại phổ thông ra mắt nhằm đáp ứng những nhu cầu cơ bản như nghe gọi, nhắn tin hay nghe đài FM của người dùng. Máy sở hữu một diện mạo nhỏ gọn, bền bỉ nên máy rất thích hợp làm một chiếc điện thoại phụ để phục vụ cho công việc, bởi máy có thể đồng hành cùng bạn đến bất cứ đâu bởi ngoại hình dễ dàng mang theo.",620.000₫ ,,,4.0,52.0
138,299998,Điện thoại Mobell F209 4G,https://www.thegioididong.com/dtdd/mobell-f209,"Bên cạnh sự chạy đua về công nghệ trên những mẫu smartphone, thì đâu đó trên thị trường vẫn còn sót lại một vài hãng còn tiếp tục cải tiến và sản xuất những mẫu điện thoại phổ thông với mục tiêu đáp ứng nhu cầu sử dụng cơ bản. Nổi trội trong đó có thể kể đến chiếc Mobell F209 với màn hình to rõ, viên pin lớn cùng công nghệ mạng di động 4G VoLTE.",620.000₫ ,,,4,24.0
139,299610,Điện thoại Masstel IZI 26 4G,https://www.thegioididong.com/dtdd/masstel-izi-26-4g,Bên cạnh sự ưa chuộng của nhiều mẫu smartphone thì đâu đó những sản phẩm điện thoại phổ thông vẫn rất được lòng người dùng. Mẫu điện thoại Masstel IZI 26 4G đã được ra mắt với nhiều ưu điểm cần có của một chiếc điện thoại “cục gạch” giúp bạn giữ liên lạc tốt hơn.,600.000₫ ,,,4.3,23.0
140,299611,Điện thoại Masstel Lux 10 4G,https://www.thegioididong.com/dtdd/masstel-lux-10,"Masstel Lux 10 - mẫu điện thoại vừa được ra mắt tại thị trường Việt Nam vào tháng 12/2022, máy được nhà sản xuất định hình là một chiếc điện thoại phổ thông với chức năng đáp ứng các tác vụ nghe gọi là chủ yếu. Điện thoại nổi bật với viên pin lớn và hỗ trợ mạng di động 4G VoLTE tiên tiến.",570.000₫ ,,,4.2,42.0
141,260146,Điện thoại Itel it9210,https://www.thegioididong.com/dtdd/itel-it9210,"Itel it9210 - là chiếc điện thoại phổ thông được trang bị thêm khả năng quay phim chụp ảnh, nghe nhạc với cách thức sử dụng đơn giản. Khá bất ngờ khi máy hỗ trợ kết nối Wifi cùng mạng 4G, mang lại khả năng lướt web vô cùng tiện ích.",550.000₫ ,,,4.1,111.0
142,279401,Điện thoại Itel it9010,https://www.thegioididong.com/dtdd/itel-it9010,"Itel it9010 ra mắt với màu sắc trẻ trung, mang đến một vẻ ngoài cá tính cũng như độ linh hoạt - dễ dàng mang theo đến bất cứ đâu, bởi máy có một kích thước vô cùng nhỏ gọn.",420.000₫ ,,,3.7,79.0
143,265311,Điện thoại Masstel IZI 10 4G,https://www.thegioididong.com/dtdd/masstel-izi-10-4g,"Masstel IZI 10 4G là 1 phiên bản ""cục gạch"" khác của nhà Masstel có tích hợp 4G mang lại trải nghiệm nghe gọi cực tốt, cùng thiết kế thân thiện dễ dùng, có hỗ trợ khe cắm thẻ nhớ và dung lượng pin tốt, rất đáng lựa chọn.",390.000₫ ,,,4.1,172.0
144,284122,Điện thoại Mobell M239 4G,https://www.thegioididong.com/dtdd/mobell-m239,"Mobell chính thức trình làng điện thoại phổ thông Mobell M239, mang ưu điểm với một thiết kế gọn gàng và màu sắc trẻ trung.",390.000₫ ,500.000₫,-22%,3.9,123.0
145,310647,Điện thoại realme 11 128GB,https://www.thegioididong.com/dtdd/realme-11-128gb,"realme 11 128GB là một trong những dòng sản phẩm mới nhất của hãng điện thoại realme, thiết bị hứa hẹn đem lại trải nghiệm tuyệt vời cho người dùng với nhiều tính năng đáng chú ý và thú vị.",,,,,
146,304162,Điện thoại realme 11 256GB,https://www.thegioididong.com/dtdd/realme-11,"realme 11 là một trong những sản phẩm mới nhất của hãng điện thoại realme. Với nhiều tính năng nổi bật và thiết kế đẹp mắt, realme 11 hứa hẹn sẽ mang đến cho người dùng một trải nghiệm tuyệt vời. ",,,,,
